{
  "Destination Port": 1.8371593537509843,
  "Flow Duration": 2.342322491822192,
  "Total Fwd Packets": 1.9330276518188658,
  "Total Backward Packets": 2.7838419170111117,
  "Total Length of Fwd Packets": 4.665748588516959,
  "Total Length of Bwd Packets": 2.267280924210228,
  "Fwd Packet Length Max": 3.7470876807229265,
  "Fwd Packet Length Min": 0.3049512797436044,
  "Fwd Packet Length Mean": 3.914962316406392,
  "Fwd Packet Length Std": 0.9526865330981338,
  "Bwd Packet Length Max": 3.575167897650794,
  "Bwd Packet Length Min": 1.4642836722069776,
  "Bwd Packet Length Mean": 3.8094237543580025,
  "Bwd Packet Length Std": 2.418536483772232,
  "Flow Bytes/s": 1.4939938802029598,
  "Flow Packets/s": 2.122866647542331,
  "Flow IAT Mean": 2.052957915100672,
  "Flow IAT Std": 2.330390507374296,
  "Flow IAT Max": 2.469094077331462,
  "Flow IAT Min": 0.8783868399600024,
  "Fwd IAT Total": 1.7374606259300085,
  "Fwd IAT Mean": 1.692601993712873,
  "Fwd IAT Std": 1.916876437693326,
  "Fwd IAT Max": 1.9060378355249874,
  "Fwd IAT Min": 1.2688720805324485,
  "Bwd IAT Total": 1.1944443009724441,
  "Bwd IAT Mean": 1.2169883098899261,
  "Bwd IAT Std": 1.1953795716382642,
  "Bwd IAT Max": 1.2722446949709474,
  "Bwd IAT Min": 0.7468834458695097,
  "Fwd PSH Flags": 0.0,
  "Bwd PSH Flags": 0.0,
  "Fwd URG Flags": 0.0,
  "Bwd URG Flags": 0.0,
  "Fwd Header Length": 1.923201226157945,
  "Bwd Header Length": 1.6894594341762115,
  "Fwd Packets/s": 2.1312339770600346,
  "Bwd Packets/s": 1.9137412462925916,
  "Min Packet Length": 0.35517683192425464,
  "Max Packet Length": 2.981969809445922,
  "Packet Length Mean": 3.7867868251718506,
  "Packet Length Std": 3.238139857727179,
  "Packet Length Variance": 3.238139857727179,
  "FIN Flag Count": 0.0,
  "SYN Flag Count": 0.0,
  "RST Flag Count": 0.0,
  "PSH Flag Count": 0.39582791033975717,
  "ACK Flag Count": 0.7493033948397646,
  "URG Flag Count": 0.12070881070723158,
  "CWE Flag Count": 0.0,
  "ECE Flag Count": 0.0,
  "Down/Up Ratio": 1.1932396184658982,
  "Average Packet Size": 3.899420059304588,
  "Avg Fwd Segment Size": 3.914962316406392,
  "Avg Bwd Segment Size": 3.8094237543580025,
  "Fwd Header Length.1": 1.923201226157945,
  "Fwd Avg Bytes/Bulk": 0.0,
  "Fwd Avg Packets/Bulk": 0.0,
  "Fwd Avg Bulk Rate": 0.0,
  "Bwd Avg Bytes/Bulk": 0.0,
  "Bwd Avg Packets/Bulk": 0.0,
  "Bwd Avg Bulk Rate": 0.0,
  "Subflow Fwd Packets": 1.9330276518188658,
  "Subflow Fwd Bytes": 4.665748588516959,
  "Subflow Bwd Packets": 2.7838419170111117,
  "Subflow Bwd Bytes": 2.267280924210228,
  "Init_Win_bytes_forward": 0.24873022619243676,
  "Init_Win_bytes_backward": 1.9399015090039728,
  "act_data_pkt_fwd": 1.9167265797789381,
  "min_seg_size_forward": 0.6862905503194472,
  "Active Mean": 0.9808518825998437,
  "Active Std": 1.218573019297036e-11,
  "Active Max": 1.0098786545657361,
  "Active Min": 0.9124814938047614,
  "Idle Mean": 0.4454702922610416,
  "Idle Std": 0.04245171147401753,
  "Idle Max": 0.6243849303895874,
  "Idle Min": 0.623887877290109
}